{
    "Eqyzs": 28697.0,
    "Aketrfd": 71371.0,
    "Apymv": 594671.0,
    "Octapld": 318046.0,
    "Iejphpv": 95405.42503796595,
    "Apymvh": 210596.53762943103,
    "Apymvr": 47950.0
}